"0","0","0[-,s,m]","BAve","L25","imp","0","s","m"
"0_bETa_future","0_bETa_future","0[-,-,-]bETa_future[g_v,n_v,p_v]","karwA","L11","n","-1","-1","-1"
"0_bETa_subj","0_bETa_subj","0[-,-,-]bETa_subj[-,n_v,p_v]","BAve","L11","n","0","-1","-1"
"0_bETa_wA","0_bETawA","0[-,-,-]bETa_wA[g_v,n_v,-]","karwA","L11","n","-1","-1","0"
"0_bETa_wA_WA_WA","0_bETawA_WA","0[-,-,-]bETa_wA[g_v,n_v,-]WA_WA[g_v,n_v,-]","karwA","L11","n","-1","-1","0"
"0_bETa_wA_hE_hE","0_bETawA_hE","0[-,-,-]bETa_wA[g_v,n_v,-]hE_hE[-,n_v,p_v]","karwA","L11","n","-2","-1","-1"
"0_bETa_wA_ho_0","0_bETawA_ho","0[-,-,-]bETa_wA[g_v,n_v,-]ho_0[-,n_v,p_v]","karwA","L11","n","-2","-1","-1"
"0_bETa_wA_ho_future","0_bETawA_ho_future","0[-,-,-]bETa_wA[g_v,n_v,-]ho_future[g_v,n_v,p_v]","karwA","L11","n","-1","-1","-1"
"0_bETa_yA","0_bETA","0[-,-,-]bETa_yA[g_v,n_v,-]","karwA","L11","n","-1","-1","0"
"0_bETa_yA_WA_WA","0_bETA_WA","0[-,-,-]bETa_yA[g_v,n_v,-]WA_WA[g_v,n_v,-]","karwA","L11","n","-1","-1","0"
"0_bETa_yA_hE_hE","0_bETA_hE","0[-,-,-]bETa_yA[g_v,n_v,-]hE_hE[-,n_v,p_v]","karwA","L11","n","-2","-1","-1"
"0_bETa_yA_ho_0","0_bETA_ho","0[-,-,-]bETa_yA[g_v,n_v,-]ho_0[-,n_v,p_v]","karwA","L11","n","-2","-1","-1"
"0_bETa_yA_ho_future","0_bETA_ho_future","0[-,-,-]bETa_yA[g_v,n_v,-]ho_future[g_v,n_v,p_v]","karwA","L11","n","-1","-1","-1"
"0_bETa_yA_ho_wA","0_bETA_howA","0[-,-,-]bETa_yA[g_v,n_v,-]ho_wA[g_v,n_v,-]","karwA","L11","n","-1","-1","0"
"0_cuka_future","0_cuka_future","0[-,-,-]cuka_future[g_v,n_v,p_v]","karwA","L26","n","-1","-1","-1"
"0_cuka_yA","0_cukA","0[-,-,-]cuka_yA[g_v,n_v,-]","karwA","L26","n","-1","-1","0"
"0_cuka_yA_WA_WA","0_cukA_WA","0[-,-,-]cuka_yA[g_v,n_v,-]WA_WA[g_v,n_v,-]","karwA","L26","n","-1","-1","0"
"0_cuka_yA_hE_hE","0_cukA_hE","0[-,-,-]cuka_yA[g_v,n_v,-]hE_hE[-,n_v,p_v]","karwA","L26","n","-2","-1","-1"
"0_cuka_yA_ho_0","0_cukA_ho","0[-,-,-]cuka_yA[g_v,n_v,-]ho_0[-,n_v,p_v]","karwA","L26","n","-2","-1","-1"
"0_cuka_yA_ho_future","0_cukA_ho_future","0[-,-,-]cuka_yA[g_v,n_v,-]ho_future[g_v,n_v,p_v]","karwA","L26","n","-1","-1","-1"
"0_cuka_yA_ho_wA","0_cukA_howA","0[-,-,-]cuka_yA[g_v,n_v,-]ho_wA[g_v,n_v,-]","karwA","L26","n","-1","-1","0"
"0_dAla_future","0_dAla_future","0[-,-,-]dAla_future[g_v,n_v,p_v]","karwA","L13","n","-1","-1","-1"
"0_dAla_nA","0_dAlanA","0[-,-,-]dAla_nA[-,s,m]","BAve","L13","imp","0","s","m"
"0_dAla_subj","0_dAla_subj","0[-,-,-]dAla_subj[-,n_v,p_v]","BAve","L13","n","0","-1","-1"
"0_dAla_wA","0_dAlawA","0[-,-,-]dAla_wA[g_v,n_v,-]","karwA","L13","n","-1","-1","0"
"0_dAla_wA_WA_WA","0_dAlawA_WA","0[-,-,-]dAla_wA[g_v,n_v,-]WA_WA[g_v,n_v,-]","karwA","L13","n","-1","-1","0"
"0_dAla_wA_hE_hE","0_dAlawA_hE","0[-,-,-]dAla_wA[g_v,n_v,-]hE_hE[-,n_v,p_v]","karwA","L13","n","-2","-1","-1"
"0_dAla_wA_ho_0","0_dAlawA_ho","0[-,-,-]dAla_wA[g_v,n_v,-]ho_0[-,n_v,p_v]","karwA","L13","n","-2","-1","-1"
"0_dAla_wA_ho_future","0_dAlawA_ho_future","0[-,-,-]dAla_wA[g_v,n_v,-]ho_future[g_v,n_v,p_v]","karwA","L13","n","-1","-1","-1"
"0_dAla_yA","0_dAlA","0[-,-,-]dAla_yA[g_v,n_v,-]","karma","L13","ne","-1","-1","0"
"0_dAla_yA_WA_WA","0_dAlA_WA","0[-,-,-]dAla_yA[g_v,n_v,-]WA_WA[g_v,n_v,-]","karma","L13","ne","-1","-1","0"
"0_dAla_yA_hE_hE","0_dAlA_hE","0[-,-,-]dAla_yA[g_v,n_v,-]hE_hE[-,n_v,-]","karma","L13","ne","-2","-1","0"
"0_dAla_yA_ho_0","0_dAlA_ho","0[-,-,-]dAla_yA[g_v,n_v,-]ho_0[-,n_v,-]","karma","L13","ne","-2","-1","0"
"0_dAla_yA_ho_future","0_dAlA_ho_future","0[-,-,-]dAla_yA[g_v,n_v,-]ho_future[g_v,n_v,-]","karma","L13","ne","-1","-1","0"
"0_dAla_yA_ho_wA","0_dAlA_howA","0[-,-,-]dAla_yA[g_v,n_v,-]ho_wA[g_v,n_v,-]","karma","L13","ne","-1","-1","0"
"0_jA_future","0_jA_future","0[-,-,-]jA_future[g_v,n_v,p_v]","karwA","L4","n","-1","-1","-1"
"0_jA_nA","0_jAnA","0[-,-,-]jA_nA[-,s,m]","BAve","L5","imp","0","s","m"
"0_jA_nA_WA_WA","0_jAnA_WA","0[-,-,-]jA_nA[m,s,-]WA_WA[m,s,-]","BAve","L5","ko","m","s","0"
"0_jA_nA_cAhiye","0_jAnA_cAhiye","0[-,-,-]jA_nA[m,s,-]cAhiye[-,-,-]","BAve","L5","ko","m","s","0"
"0_jA_nA_hE_hE","0_jAnA_hE","0[-,-,-]jA_nA[m,s,-]hE_hE[-,-,-]","BAve","L5","ko","m","s","0"
"0_jA_subj","0_jA_subj","0[-,-,-]jA_subj[-,n_v,p_v]","BAve","L4","n","0","-1","-1"
"0_jA_wA","0_jAwA","0[-,-,-]jA_wA[g_v,n_v,-]","karwA","L4","n","-1","-1","0"
"0_jA_wA_WA_WA","0_jAwA_WA","0[-,-,-]jA_wA[g_v,n_v,-]WA_WA[g_v,n_v,-]","karwA","L4","n","-1","-1","0"
"0_jA_wA_hE_hE","0_jAwA_hE","0[-,-,-]jA_wA[g_v,n_v,-]hE_hE[-,n_v,p_v]","karwA","L4","n","-2","-1","-1"
"0_jA_wA_ho_0","0_jAwA_ho","0[-,-,-]jA_wA[g_v,n_v,-]ho_0[-,n_v,p_v]","karwA","L4","n","-2","-1","-1"
"0_jA_wA_ho_future","0_jAwA_ho_future","0[-,-,-]jA_wA[g_v,n_v,-]ho_future[g_v,n_v,p_v]","karwA","L4","n","-1","-1","-1"
"0_jA_yA1","0_gayA","0[-,-,-]jA_yA1[g_v,n_v,-]","karwA","L4","n","-1","-1","0"
"0_jA_yA1_WA_WA","0_gayA_WA","0[-,-,-]jA_yA1[g_v,n_v,-]WA_WA[g_v,n_v,-]","karwA","L4","n","-1","-1","0"
"0_jA_yA1_hE_hE","0_gayA_hE","0[-,-,-]jA_yA1[g_v,n_v,-]hE_hE[-,n_v,p_v]","karwA","L4","n","-2","-1","-1"
"0_jA_yA1_ho_0","0_gayA_ho","0[-,-,-]jA_yA1[g_v,n_v,-]ho_0[-,n_v,p_v]","karwA","L4","n","-2","-1","-1"
"0_jA_yA1_ho_future","0_gayA_ho_future","0[-,-,-]jA_yA1[g_v,n_v,-]ho_future[g_v,n_v,p_v]","karwA","L4","n","-1","-1","-1"
"0_jA_yA1_ho_wA","0_gayA_howA","0[-,-,-]jA_yA1[g_v,n_v,-]ho_wA[g_v,n_v,-]","karwA","L4","n","-1","-1","0"
"0_le_future","0_le_future","0[-,-,-]le_future[g_v,n_v,p_v]","karwA","L27","n","-1","-1","-1"
"0_le_nA","0_lenA","0[-,-,-]le_nA[-,s,m]","BAve","L27","imp","0","s","m"
"0_le_nA_WA_WA","0_lenA_WA","0[-,-,-]le_nA[g_v,n_v,-]WA_WA[g_v,n_v,-]","karma","L27","ko","-1","-1","0"
"0_le_nA_cAhiye","0_lenA_cAhiye","0[-,-,-]le_nA[g_v,n_v,-]cAhiye[-,-,-]","karma","L27","ko","-2","-2","0"
"0_le_nA_hE_hE","0_lenA_hE","0[-,-,-]le_nA[g_v,n_v,-]hE_hE[-,n_v,-]","karma","L27","ko","-2","-1","0"
"0_le_subj","0_le_subj","0[-,-,-]le_subj[-,n_v,p_v]","BAve","L27","n","0","-1","-1"
"0_le_wA","0_lewA","0[-,-,-]le_wA[g_v,n_v,-]","karwA","L27","n","-1","-1","0"
"0_le_wA_WA_WA","0_lewA_WA","0[-,-,-]le_wA[g_v,n_v,-]WA_WA[g_v,n_v,-]","karwA","L27","n","-1","-1","0"
"0_le_wA_hE_hE","0_lewA_hE","0[-,-,-]le_wA[g_v,n_v,-]hE_hE[-,n_v,p_v]","karwA","L27","n","-2","-1","-1"
"0_le_wA_ho_0","0_lewA_ho","0[-,-,-]le_wA[g_v,n_v,-]ho_0[-,n_v,p_v]","karwA","L27","n","-2","-1","-1"
"0_le_wA_ho_future","0_lewA_ho_future","0[-,-,-]le_wA[g_v,n_v,-]ho_future[g_v,n_v,p_v]","karwA","L27","n","-1","-1","-1"
"0_le_yA","0_liyA","0[-,-,-]le_yA[g_v,n_v,-]","karma","L27","ne","-1","-1","0"
"0_le_yA_WA_WA","0_liyA_WA","0[-,-,-]le_yA[g_v,n_v,-]WA_WA[g_v,n_v,-]","karma","L27","ne","-1","-1","0"
"0_le_yA_hE_hE","0_liyA_hE","0[-,-,-]le_yA[g_v,n_v,-]hE_hE[-,n_v,-]","karma","L27","ne","-2","-1","0"
"0_le_yA_ho_0","0_liyA_ho","0[-,-,-]le_yA[g_v,n_v,-]ho_0[-,n_v,-]","karma","L27","ne","-2","-1","0"
"0_le_yA_ho_future","0_liyA_ho_future","0[-,-,-]le_yA[g_v,n_v,-]ho_future[g_v,n_v,-]","karma","L27","ne","-1","-1","0"
"0_le_yA_ho_wA","0_liyA_howA","0[-,-,-]le_yA[g_v,n_v,-]ho_wA[g_v,n_v,-]","karma","L27","ne","-1","-1","0"
"0_pA_future","0_pA_future","0[-,-,-]pA_future[g_v,n_v,p_v]","karwA","L23","n","-1","-1","-1"
"0_pA_subj","0_pA_subj","0[-,-,-]pA_subj[-,n_v,p_v]","BAve","L23","n","0","-1","-1"
"0_pA_wA","0_pAwA","0[-,-,-]pA_wA[g_v,n_v,-]","karwA","L23","n","-1","-1","0"
"0_pA_wA_WA_WA","0_pAwA_WA","0[-,-,-]pA_wA[g_v,n_v,-]WA_WA[g_v,n_v,-]","karwA","L23","n","-1","-1","0"
"0_pA_wA_hE_hE","0_pAwA_hE","0[-,-,-]pA_wA[g_v,n_v,-]hE_hE[-,n_v,p_v]","karwA","L23","n","-2","-1","-1"
"0_pA_wA_ho_0","0_pAwA_ho","0[-,-,-]pA_wA[g_v,n_v,-]ho_0[-,n_v,p_v]","karwA","L23","n","-2","-1","-1"
"0_pA_wA_ho_future","0_pAwA_ho_future","0[-,-,-]pA_wA[g_v,n_v,-]ho_future[g_v,n_v,p_v]","karwA","L23","n","-1","-1","-1"
"0_pA_yA","0_pAyA","0[-,-,-]pA_yA[g_v,n_v,-]","karwA","L23","n","-1","-1","0"
"0_pA_yA_WA_WA","0_pAyA_WA","0[-,-,-]pA_yA[g_v,n_v,-]WA_WA[g_v,n_v,-]","karwA","L23","n","-1","-1","0"
"0_pA_yA_hE_hE","0_pAyA_hE","0[-,-,-]pA_yA[g_v,n_v,-]hE_hE[-,n_v,p_v]","karwA","L23","n","-2","-1","-1"
"0_pA_yA_ho_0","0_pAyA_ho","0[-,-,-]pA_yA[g_v,n_v,-]ho_0[-,n_v,p_v]","karwA","L23","n","-2","-1","-1"
"0_pA_yA_ho_future","0_pAyA_ho_future","0[-,-,-]pA_yA[g_v,n_v,-]ho_future[g_v,n_v,p_v]","karwA","L23","n","-1","-1","-1"
"0_pA_yA_ho_wA","0_pAyA_howA","0[-,-,-]pA_yA[g_v,n_v,-]ho_wA[g_v,n_v,-]","karwA","L23","n","-1","-1","0"
"0_raha_yA_WA_WA","0_rahA_WA","0[-,-,-]raha_yA[g_v,n_v,-]WA_WA[g_v,n_v,-]","karwA","L1","n","-1","-1","0"
"0_raha_yA_hE_hE","0_rahA_hE","0[-,-,-]raha_yA[g_v,n_v,-]hE_hE[-,n_v,p_v]","karwA","L1","n","-2","-1","-1"
"0_raha_yA_ho_0","0_rahA_ho","0[-,-,-]raha_yA[g_v,n_v,-]ho_0[-,n_v,p_v]","karwA","L1","n","-2","-1","-1"
"0_raha_yA_ho_future","0_rahA_ho_future","0[-,-,-]raha_yA[g_v,n_v,-]ho_future[g_v,n_v,p_v]","karwA","L1","n","-1","-1","-1"
"0_raha_yA_ho_wA","0_rahA_howA","0[-,-,-]raha_yA[g_v,n_v,-]ho_wA[g_v,n_v,-]","karwA","L1","n","-1","-1","0"
"0_saka_future","0_saka_future","0[-,-,-]saka_future[g_v,n_v,p_v]","karwA","L19","n","-1","-1","-1"
"0_saka_subj","0_saka_subj","0[-,-,-]saka_subj[-,n_v,p_v]","BAve","L19","n","0","-1","-1"
"0_saka_wA","0_sakawA","0[-,-,-]saka_wA[g_v,n_v,-]","karwA","L1","n","-1","-1","0"
"0_saka_wA_WA_WA","0_sakawA_WA","0[-,-,-]saka_wA[g_v,n_v,-]WA_WA[g_v,n_v,-]","karwA","L1","n","-1","-1","0"
"0_saka_wA_hE_hE","0_sakawA_hE","0[-,-,-]saka_wA[g_v,n_v,-]hE_hE[-,n_v,p_v]","karwA","L1","n","-2","-1","-1"
"0_saka_wA_ho_0","0_sakawA_ho","0[-,-,-]saka_wA[g_v,n_v,-]ho_0[-,n_v,p_v]","karwA","L19","n","-2","-1","-1"
"0_saka_wA_ho_future","0_sakawA_ho_future","0[-,-,-]saka_wA[g_v,n_v,-]ho_future[g_v,n_v,p_v]","karwA","L19","n","-1","-1","-1"
"0_saka_yA","0_sakA","0[-,-,-]saka_yA[g_v,n_v,-]","karwA","L19","n","-1","-1","0"
"0_saka_yA_WA_WA","0_sakA_WA","0[-,-,-]saka_yA[g_v,n_v,-]WA_WA[g_v,n_v,-]","karwA","L19","n","-1","-1","0"
"0_saka_yA_hE_hE","0_sakA_hE","0[-,-,-]saka_yA[g_v,n_v,-]hE_hE[-,n_v,p_v]","karwA","L19","n","-2","-1","-1"
"0_saka_yA_ho_0","0_sakA_ho","0[-,-,-]saka_yA[g_v,n_v,-]ho_0[-,n_v,p_v]","karwA","L19","n","-2","-1","-1"
"0_saka_yA_ho_future","0_sakA_ho_future","0[-,-,-]saka_yA[g_v,n_v,-]ho_future[g_v,n_v,p_v]","karwA","L19","n","-1","-1","-1"
"0_saka_yA_ho_wA","0_sakA_howA","0[-,-,-]saka_yA[g_v,n_v,-]ho_wA[g_v,n_v,-]","karwA","L19","n","-1","-1","0"
"0_xe_future","0_xe_future","0[-,-,-]xe_future[g_v,n_v,p_v]","karwA","L16","n","-1","-1","-1"
"0_xe_nA","0_xenA","0[-,-,-]xe_nA[-,s,m]","BAve","L16","imp","0","s","m"
"0_xe_subj","0_xe_subj","0[-,-,-]xe_subj[-,n_v,p_v]","BAve","L16","n","0","-1","-1"
"0_xe_wA","0_xewA","0[-,-,-]xe_wA[g_v,n_v,-]","karwA","L16","n","-1","-1","0"
"0_xe_wA_WA_WA","0_xewA_WA","0[-,-,-]xe_wA[g_v,n_v,-]WA_WA[g_v,n_v,-]","karwA","L16","n","-1","-1","0"
"0_xe_wA_hE_hE","0_xewA_hE","0[-,-,-]xe_wA[g_v,n_v,-]hE_hE[-,n_v,p_v]","karwA","L16","n","-2","-1","-1"
"0_xe_wA_ho_0","0_xewA_ho","0[-,-,-]xe_wA[g_v,n_v,-]ho_0[-,n_v,p_v]","karwA","L16","n","-2","-1","-1"
"0_xe_wA_ho_future","0_xewA_ho_future","0[-,-,-]xe_wA[g_v,n_v,-]ho_future[g_v,n_v,p_v]","karwA","L16","n","-1","-1","-1"
"0_xe_yA","0_xiyA","0[-,-,-]xe_yA[g_v,n_v,-]","karma","L16","ne","-1","-1","0"
"0_xe_yA_WA_WA","0_xiyA_WA","0[-,-,-]xe_yA[g_v,n_v,-]WA_WA[g_v,n_v,-]","karma","L16","ne","-1","-1","0"
"0_xe_yA_hE_hE","0_xiyA_hE","0[-,-,-]xe_yA[g_v,n_v,-]hE_hE[-,n_v,-]","karma","L16","ne","-2","-1","0"
"0_xe_yA_ho_0","0_xiyA_ho","0[-,-,-]xe_yA[g_v,n_v,-]ho_0[-,n_v,-]","karma","L16","ne","-2","-1","0"
"0_xe_yA_ho_future","0_xiyA_ho_future","0[-,-,-]xe_yA[g_v,n_v,-]ho_future[g_v,n_v,-]","karma","L16","ne","-1","-1","0"
"0_xe_yA_ho_wA","0_xiyA_howA","0[-,-,-]xe_yA[g_v,n_v,-]ho_wA[g_v,n_v,-]","karma","L16","ne","-1","-1","0"
"future","future","future[g_v,n_v,p_v]","karwA","L1","n","-1","-1","-1"
"nA","nA","nA[-,s,m]","BAve","L24","imp","0","s","m"
"nA_WA_WA","nA_WA","nA[g_v,n_v,-]WA_WA[g_v,n_v,-]","karma","L24","ko","-1","-1","0"
"nA_cAhiye","nA_cAhiye","nA[g_v,n_v,-]_cAhiye[-,-,-]","karma","L1","ko","-2","-2","0"
"nA_hE_hE","nA_hE","nA[g_v,n_v,-]hE_hE[-,n_v,-]","karma","L24","ko","-2","-1","0"
"nA_ho_0","nA_ho","nA[g_v,n_v,-]ho_0[-,n_v,-]","karma","L24","ko","-2","-1","0"
"nA_ho_future","nA_ho_future","nA[g_v,n_v,-]ho_future[g_v,n_v,-]","karma","L24","ko","-1","-1","0"
"nA_ho_wA","nA_howA","nA[g_v,n_v,-]ho_wA[g_v,n_v,-]","karma","L24","ko","-1","-1","0"
"nA_jA_0_raha_yA_WA_WA","nA_jA_rahA_WA","nA[m,p,-]jA_0[-,-,-]raha_yA[g_v,n_v,-]WA_WA[g_v,n_v,-]_","karwA","L2","n","-1","-1","0"
"nA_jA_0_raha_yA_hE_hE","nA_jA_rahA_hE","nA[m,p,-]jA_0[-,-,-]raha_yA[g_v,n_v,-]hE_hE[-,n_v,p_v]_","karwA","L2","n","-2","-1","-1"
"nA_jA_0_raha_yA_ho_0","nA_jA_rahA_ho","nA[m,p,-]jA_0[-,-,-]raha_yA[g_v,n_v,-]ho_0[-,n_v,p_v]","karwA","L2","n","-2","-1","-1"
"nA_jA_0_raha_yA_ho_future","nA_jA_rahA_ho_future","nA[m,p,-]jA_0[-,-,-]raha_yA[g_v,n_v,-]ho_future[g_v,n_v,p_v]_","karwA","L2","n","-1","-1","-1"
"nA_jA_0_raha_yA_ho_wA","nA_jA_rahA_howA","nA[m,p,-]jA_0[-,-,-]raha_yA[g_v,n_v,-]ho_wA[g_v,n_v,-]","karwA","L2","n","-1","-1","0"
"nA_laga_future","nA_laga_future","nA[m,p,-]laga_future[g_v,n_v,p_v]","karwA","L1","n","-1","-1","-1"
"nA_laga_subj","nA_laga_subj","nA[m,p,-]laga_subj[-,n_v,p_v]","BAve","L1","n","0","-1","-1"
"nA_laga_wA","nA_lagawA","nA[m,p,-]laga_wA[g_v,n_v,-]","karwA","L1","n","-1","-1","0"
"nA_laga_wA_WA_WA","nA_lagawA_WA","nA[m,p,-]laga_wA[g_v,n_v,-]WA_WA[g_v,n_v,-]","karwA","L1","n","-1","-1","0"
"nA_laga_wA_hE_hE","nA_lagawA_hE","nA[m,p,-]laga_wA[g_v,n_v,-]hE_hE[-,n_v,p_v]","karwA","L1","n","-2","-1","-1"
"nA_laga_wA_ho_0","nA_lagawA_ho","nA[m,p,-]laga_wA[g_v,n_v,-]ho_0[-,n_v,p_v]","karwA","L1","n","-2","-1","-1"
"nA_laga_wA_ho_future","nA_lagawA_ho_future","nA[m,p,-]laga_wA[g_v,n_v,-]ho_future[g_v,n_v,p_v]","karwA","L1","n","-1","-1","-1"
"nA_laga_yA","nA_lagA","nA[m,p,-]laga_yA[g_v,n_v,-]","karwA","L1","n","-1","-1","0"
"nA_laga_yA_WA_WA","nA_lagA_WA","nA[m,p,-]laga_yA[g_v,n_v,-]WA_WA[g_v,n_v,-]","karwA","L1","n","-1","-1","0"
"nA_laga_yA_hE_hE","nA_lagA_hE","nA[m,p,-]laga_yA[g_v,n_v,-]hE_hE[-,n_v,p_v]","karwA","L1","n","-2","-1","-1"
"nA_laga_yA_ho_0","nA_lagA_ho","nA[m,p,-]laga_yA[g_v,n_v,-]ho_0[-,n_v,p_v]","karwA","L1","n","-2","-1","-1"
"nA_laga_yA_ho_future","nA_lagA_ho_future","nA[m,p,-]laga_yA[g_v,n_v,-]ho_future[g_v,n_v,p_v]","karwA","L1","n","-1","-1","-1"
"nA_laga_yA_ho_wA","nA_lagA_howA","nA[m,p,-]laga_yA[g_v,n_v,-]ho_wA[g_v,n_v,-]","karwA","L1","n","-1","-1","0"
"nA_pada_0_saka_wA_WA_WA","nA_pada_sakawA_WA","nA[g_v,n_v,-]pada_0[-,-,-]saka_wA[g_v,n_v,-]WA_WA[g_v,n_v,-]","karma","L17","ko","-1","-1","0"
"nA_pada_0_saka_wA_hE_hE","nA_pada_sakawA_hE","nA[g_v,n_v,-]pada_0[-,-,-]saka_wA[g_v,n_v,-]hE_hE[-,n_v,-]","karma","L17","ko","-2","-1","0"
"nA_pada_future","nA_pada_future","nA[g_v,n_v,-]pada_future[g_v,n_v,-]","karma","L17","ko","-1","-1","0"
"nA_pada_subj","nA_pada_subj","nA[g_v,n_v,-]pada_subj[-,n_v,-]","karma","L17","ko","-2","-1","0"
"nA_pada_wA","nA_padawA","nA[g_v,n_v,-]pada_wA[g_v,n_v,-]","karma","L17","ko","-1","-1","0"
"nA_pada_wA_WA_WA","nA_padawA_WA","nA[g_v,n_v,-]pada_wA[g_v,n_v,-]WA_WA[g_v,n_v,-]","karma","L17","ko","-1","-1","0"
"nA_pada_wA_hE_hE","nA_padawA_hE","nA[g_v,n_v,-]pada_wA[g_v,n_v,-]hE_hE[-,n_v,-]","karma","L17","ko","-2","-1","0"
"nA_pada_wA_ho_0","nA_padawA_ho","nA[g_v,n_v,-]pada_wA[g_v,n_v,-]ho_0[-,n_v,-]","karma","L17","ko","-2","-1","0"
"nA_pada_wA_ho_future","nA_padawA_ho_future","nA[g_v,n_v,-]pada_wA[g_v,n_v,-]ho_future[g_v,n_v,-]","karma","L17","ko","-1","-1","0"
"nA_pada_yA","nA_padA","nA[g_v,n_v,-]pada_yA[g_v,n_v,-]","karma","L17","ko","-1","-1","0"
"nA_pada_yA_WA_WA","nA_padA_WA","nA[g_v,n_v,-]pada_yA[g_v,n_v,-]WA_WA[g_v,n_v,-]","karma","L17","ko","-1","-1","0"
"nA_pada_yA_hE_hE","nA_padA_hE","nA[g_v,n_v,-]pada_yA[g_v,n_v,-]hE_hE[-,n_v,-]","karma","L17","ko","-2","-1","0"
"nA_pada_yA_ho_0","nA_padA_ho","nA[g_v,n_v,-]pada_yA[g_v,n_v,-]ho_0[-,n_v,-]","karma","L17","ko","-2","-1","0"
"nA_pada_yA_ho_future","nA_padA_ho_future","nA[g_v,n_v,-]pada_yA[g_v,n_v,-]ho_future[g_v,n_v,-]","karma","L17","ko","-1","-1","0"
"nA_pada_yA_ho_wA","nA_padA_howA","nA[g_v,n_v,-]pada_yA[g_v,n_v,-]ho_wA[g_v,n_v,-]","karma","L17","ko","-1","-1","0"
"nA_xe_future","nA_xe_future","nA[m,p,-]xe_future[g_v,n_v,p_v]","karwA","L18","per_1","-1","-1","-1"
"nA_xe_nA","nA_xenA","nA[m,p,-]xe_nA[-,s,m]","BAve","L18","imp","0","s","m"
"nA_xe_subj","nA_xe_subj","nA[m,p,-]xe_subj[-,n_v,p_v]","BAve","L18","per_1","0","-1","-1"
"nA_xe_wA","nA_xewA","nA[m,p,-]xe_wA[g_v,n_v,-]","karwA","L18","per_1","-1","-1","0"
"nA_xe_wA_WA_WA","nA_xewA_WA","nA[m,p,-]xe_wA[g_v,n_v,-]WA_WA[g_v,n_v,-]","karwA","L18","per_1","-1","-1","0"
"nA_xe_wA_hE_hE","nA_xewA_hE","nA[m,p,-]xe_wA[g_v,n_v,-]hE_hE[-,n_v,p_v]","karwA","L18","per_1","-2","-1","-1"
"nA_xe_wA_ho_0","nA_xewA_ho","nA[m,p,-]xe_wA[g_v,n_v,-]ho_0[-,n_v,p_v]","karwA","L18","per_1","-2","-1","-1"
"nA_xe_wA_ho_future","nA_xewA_ho_future","nA[m,p,-]xe_wA[g_v,n_v,-]ho_future[g_v,n_v,p_v]","karwA","L18","per_1","-1","-1","-1"
"nA_xe_yA","nA_xiyA","nA[m,p,-]xe_yA[g_v,n_v,-]","karma","L18","per_2","-1","-1","0"
"nA_xe_yA_WA_WA","nA_xiyA_WA","nA[m,p,-]xe_yA[g_v,n_v,-]WA_WA[g_v,n_v,-]","karma","L18","per_2","-1","-1","0"
"nA_xe_yA_hE_hE","nA_xiyA_hE","nA[m,p,-]xe_yA[g_v,n_v,-]hE_hE[-,n_v,-]","karma","L18","per_2","-2","-1","0"
"nA_xe_yA_ho_0","nA_xiyA_ho","nA[m,p,-]xe_yA[g_v,n_v,-]ho_0[-,n_v,-]","karma","L18","per_2","-2","-1","0"
"nA_xe_yA_ho_future","nA_xiyA_ho_future","nA[m,p,-]xe_yA[g_v,n_v,-]ho_future[g_v,n_v,-]","karma","L18","per_2","-1","-1","0"
"nA_xe_yA_ho_wA","nA_xiyA_howA","nA[m,p,-]xe_yA[g_v,n_v,-]ho_wA[g_v,n_v,-]","karma","L18","per_2","-1","-1","0"
"subj","subj","subj[-,n_v,p_v]","BAve","L1","n","0","-1","-1"
"wA","wA","wA[g_v,n_v,-]","karwA","L1","n","-1","-1","0"
"wA_A_0_raha_yA_WA_WA","wA_A_rahA_WA","wA[g_v,n_v,-]A_0[-,-,-]raha_yA[g_v,n_v,-]WA_WA[g_v,n_v,-]","karwA","L3","n","-1","-1","0"
"wA_A_0_raha_yA_hE_hE","wA_A_rahA_hE","wA[g_v,n_v,-]A_0[-,-,-]raha_yA[g_v,n_v,-]hE_hE[-,n_v,p_v]","karwA","L3","n","-2","-1","-1"
"wA_A_0_raha_yA_ho_0","wA_A_rahA_ho","wA[g_v,n_v,-]A_0[-,-,-]raha_yA[g_v,n_v,-]ho_0[-,n_v,p_v]","karwA","L3","n","-2","-1","-1"
"wA_A_0_raha_yA_ho_future","wA_A_rahA_ho_future","wA[g_v,n_v,-]A_0[-,-,-]raha_yA[g_v,n_v,-]ho_future[g_v,n_v,p_v]","karwA","L3","n","-1","-1","-1"
"wA_A_0_raha_yA_ho_wA","wA_A_rahA_howA","wA[g_v,n_v,-]A_0[-,-,-]raha_yA[g_v,n_v,-]ho_wA[g_v,n_v,-]","karwA","L3","n","-1","-1","0"
"wA_WA_WA","wA_WA","wA[g_v,n_v,-]WA_WA[g_v,n_v,-]","karwA","L1","n","-1","-1","0"
"wA_cala_yA_jA_0_raha_yA_WA_WA","wA_calA_jA_rahA_WA","wA[g_v,n_v,-]cala_yA[g_v,n_v,-]jA_0[-,-,-]raha_yA[g_v,n_v,-]WA_WA[g_v,n_v,-]","karwA","L12","n","-1","-1","0"
"wA_cala_yA_jA_0_raha_yA_hE_hE","wA_calA_jA_rahA_hE","wA[g_v,n_v,-]cala_yA[g_v,n_v,-]jA_0[-,-,-]raha_yA[g_v,n_v,-]hE_hE[-,n_v,p_v]","karwA","L12","n","-2","-1","-1"
"wA_cala_yA_jA_0_raha_yA_ho_0","wA_calA_jA_rahA_ho","wA[g_v,n_v,-]cala_yA[g_v,n_v,-]jA_0[-,-,-]raha_yA[g_v,n_v,-]ho_0[-,n_v,p_v]","karwA","L12","n","-2","-1","-1"
"wA_cala_yA_jA_0_raha_yA_ho_future","wA_calA_jA_rahA_ho_future","wA[g_v,n_v,-]cala_yA[g_v,n_v,-]jA_0[-,-,-]raha_yA[g_v,n_v,-]ho_future[g_v,n_v,p_v]","karwA","L12","n","-1","-1","-1"
"wA_cala_yA_jA_0_raha_yA_ho_wA","wA_calA_jA_rahA_howA","wA[g_v,n_v,-]cala_yA[g_v,n_v,-]jA_0[-,-,-]raha_yA[g_v,n_v,-]ho_wA[g_v,n_v,-]","karwA","L12","n","-1","-1","0"
"wA_cala_yA_jA_future","wA_calA_jA_future","wA[g_v,n_v,-]cala_yA[g_v,n_v,-]jA_future[g_v,n_v,p_v]","karwA","L12","n","-1","-1","-1"
"wA_cala_yA_jA_nA","wA_calA_jAnA","wA[g_v,n_v,m]cala_yA[g_v,n_v,m]jA_nA[-,-,-]","karwA","L12","n","-2","-2","m"
"wA_cala_yA_jA_subj","wA_calA_jA_subj","wA[g_v,n_v,-]cala_yA[g_v,n_v,-]jA_subj[-,n_v,p_v]","karwA","L12","n","-2","-1","-1"
"wA_cala_yA_jA_wA","wA_calA_jAwA","wA[g_v,n_v,-]cala_yA[g_v,n_v,-]jA_wA[g_v,n_v,-]","karwA","L12","n","-1","-1","0"
"wA_cala_yA_jA_wA_WA_WA","wA_calA_jAwA_WA","wA[g_v,n_v,-]cala_yA[g_v,n_v,-]jA_wA[g_v,n_v,-]WA_WA[g_v,n_v,-]","karwA","L12","n","-1","-1","0"
"wA_cala_yA_jA_wA_hE_hE","wA_calA_jAwA_hE","wA[g_v,n_v,-]cal_yA[g_v,n_v,-]jA_wA[g_v,n_v,-]hE_hE[-,n_v,p_v]","karwA","L12","n","-2","-1","-1"
"wA_cala_yA_jA_wA_ho_0","wA_calA_jAwA_ho","wA[g_v,n_v,-]cala_yA[g_v,n_v,-]jA_wA[g_v,n_v,-]ho_0[-,n_v,p_v]","karwA","L12","n","-2","-1","-1"
"wA_cala_yA_jA_wA_ho_future","wA_calA_jAwA_ho_future","wA[g_v,n_v-]cala_yA[g_v,n_v,-]jA_wA[g_v,n_v,-]ho_future[g_v,n_v,p_v]","karwA","L12","n","-1","-1","-1"
"wA_cala_yA_jA_yA1","wA_calA_gayA","wA[g_v,n_v,-]cala_yA[g_v,n_v,-]jA_yA1[g_v,n_v,-]","karwA","L12","n","-1","-1","0"
"wA_cala_yA_jA_yA1_WA_WA","wA_calA_gayA_WA","wA[g_v,n_v,-]cala_yA[g_v,n_v,-]jA_yA1[g_v,n_v,-]WA_WA[g_v,n_v,-]","karwA","L12","n","-1","-1","0"
"wA_cala_yA_jA_yA1_hE_hE","wA_calA_gayA_hE","wA[g_v,n_v,-]cala_yA[g_v,n_v,-]jA_yA1[g_v,n_v,-]hE_hE[-,n_v,p_v]","karwA","L12","n","-2","-1","-1"
"wA_cala_yA_jA_yA1_ho_0","wA_calA_gayA_ho","wA[g_v,n_v,-]cala_yA[g_v,n_v,-]jA_yA1[g_v,n_v,-]ho_0[-,n_v,p_v]","karwA","L12","n","-2","-1","-1"
"wA_cala_yA_jA_yA1_ho_future","wA_calA_gayA_ho_future","wA[g_v,n_v,-]cala_yA[g_v,n_v,-]jA_yA1[g_v,n_v,-]ho_future[g_v,n_v,p_v]","karwA","L12","n","-1","-1","-1"
"wA_cala_yA_jA_yA1_ho_wA","wA_calA_gayA_howA","wA[g_v,n_v,-]cala_yA[g_v,n_v,-]jA_yA1[g_v,n_v,-]ho_wA[g_v,n_v,-]","karwA","L12","n","-1","-1","0"
"wA_hE_hE","wA_hE","wA[g_v,n_v,-]hE_hE[-,n_v,p_v]","karwA","L1","n","-2","-1","-1"
"wA_ho_0","wA_ho","wA[g_v,n_v,-]ho_0[-,n_v,p_v]","karwA","L1","n","-2","-1","-1"
"wA_ho_future","wA_ho_future","wA[g_v,n_v,-]ho_future[g_v,n_v,p_v]","karwA","L1","n","-1","-1","-1"
"wA_jA_0_raha_yA_WA_WA","wA_jA_rahA_WA","wA[g_v,n_v,-]jA_0[-,-,-]raha_yA[g_v,n_v,-]WA_WA[g_v,n_v,-]","karwA","L10","n","-1","-1","0"
"wA_jA_0_raha_yA_hE_hE","wA_jA_rahA_hE","wA[g_v,n_v,-]jA_0[-,-,-]raha_yA[g_v,n_v,-]hE_hE[-,n_v,p_v]","karwA","L10","n","-2","-1","-1"
"wA_jA_0_raha_yA_ho_0","wA_jA_rahA_ho","wA[g_v,n_v,-]jA_0[-,-,-]raha_yA[g_v,n_v,-]ho_0[-,n_v,p_v]","karwA","L10","n","-2","-1","-1"
"wA_jA_0_raha_yA_ho_future","wA_jA_rahA_ho_future","wA[g_v,n_v,-]jA_0[-,-,-]raha_yA[g_v,n_v,-]ho_future[g_v,n_v,p_v]","karwA","L10","n","-1","-1","-1"
"wA_jA_0_raha_yA_ho_wA","wA_jA_rahA_howA","wA[g_v,n_v,-]jA_0[-,-,-]raha_yA[g_v,n_v,-]ho_wA[g_v,n_v,-]","karwA","L10","n","-1","-1","0"
"wA_raha_0_jA_future","wA_raha_jA_future","wA[g_v,n_v,-]raha_0[-,-,-]jA_future[g_v,n_v,p_v]","karwA","L28","n","-1","-1","-1"
"wA_raha_0_jA_nA","wA_raha_jAnA","wA[g_v,n_v,m]raha_0[-,-,-]jA_nA[-,-,-]","karwA","L28","n","-3","-3","m"
"wA_raha_0_jA_subj","wA_raha_jA_subj","wA[g_v,n_v,-]raha_0[-,-,-]jA_subj[-,n_v,p_v]","BAve","L28","n","-3","-1","-1"
"wA_raha_0_jA_wA","wA_raha_jAwA","wA[g_v,n_v,-]raha_0[-,-,-]jA_wA[g_v,n_v,-]","karwA","L28","n","-1","-1","0"
"wA_raha_0_jA_wA_WA_WA","wA_raha_jAwA_WA","wA[g_v,n_v,-]raha_0[-,-,-]jA_wA[g_v,n_v,-]WA_WA[g_v,n_v,-]","karwA","L28","n","-1","-1","0"
"wA_raha_0_jA_wA_hE_hE","wA_raha_jAwA_hE","wA[g_v,n_v,-]raha_0[-,-,-]jA_wA[g_v,n_v,-]hE_hE[-,n_v,p_v]","karwA","L28","n","-2","-1","-1"
"wA_raha_0_jA_wA_ho_0","wA_raha_jAwA_ho","wA[g_v,n_v,-]raha_0[-,-,-]jA_wA[g_v,n_v,-]ho_0[-,n_v,p_v]","karwA","L28","n","-2","-1","-1"
"wA_raha_0_jA_wA_ho_future","wA_raha_jAwA_ho_future","wA[g_v,n_v,-]raha_0[-,-,-]jA_wA[g_v,n_v,-]ho_future[g_v,n_v,p_v]","karwA","L28","n","-1","-1","-1"
"wA_raha_0_jA_yA1","wA_raha_gayA","wA[g_v,n_v,-]raha_0[-,-,-]jA_yA1[g_v,n_v,-]","karwA","L28","n","-1","-1","0"
"wA_raha_0_jA_yA1_WA_WA","wA_raha_gayA_WA","wA[g_v,n_v,-]raha_0[-,-,-]jA_yA1[g_v,n_v,-]WA_WA[g_v,n_v,-]","karwA","L28","n","-1","-1","0"
"wA_raha_0_jA_yA1_hE_hE","wA_raha_gayA_hE","wA[g_v,n_v,-]raha_0[-,-,-]jA_yA1[g_v,n_v,-]hE_hE[-,n_v,p_v]","karwA","L28","n","-2","-1","-1"
"wA_raha_0_jA_yA1_ho_0","wA_raha_gayA_ho","wA[g_v,n_v,-]raha_0[-,-,-]jA_yA1[g_v,n_v,-]ho_0[-,n_v,p_v]","karwA","L28","n","-2","-1","-1"
"wA_raha_0_jA_yA1_ho_future","wA_raha_gayA_ho_future","wA[g_v,n_v,-]raha_0[-,-,-]jA_yA1[g_v,n_v,-]ho_future[g_v,n_v,p_v]","karwA","L28","n","-1","-1","-1"
"wA_raha_0_jA_yA1_ho_wA","wA_raha_gayA_howA","wA[g_v,n_v,-]raha_0[-,-,-]jA_yA1[g_v,n_v,-]ho_wA[g_v,n_v,-]","karwA","L28","n","-1","-1","0"
"wA_raha_future","wA_raha_future","wA[g_v,n_v,-]raha_future[g_v,n_v,p_v]","karwA","L1","n","-1","-1","-1"
"wA_raha_nA","wA_rahanA","wA[g_v,n_v,m]raha_nA[-,-,-]","karwA","L30","imp","-2","-2","m"
"wA_raha_nA_WA_WA","wA_rahanA_WA","wA[m,p,-]raha_nA[-,-,-]WA_WA[-,-,-]","BAve","L30","ko","m","p","0"
"wA_raha_nA_cAhiye","wA_rahanA_cAhiye","wA[m,p,-]raha_nA[-,-,-]_cAhiye[-,-,-]","BAve","L30","ko","m","p","0"
"wA_raha_nA_hE_hE","wA_rahanA_hE","wA[m,p,-]raha_nA[-,-,-]hE_hE[-,-,-]","BAve","L30","ko","m","p","0"
"wA_raha_nA_ho_0","wA_rahanA_ho","wA[m,p,-]raha_nA[-,-,-]ho_0[-,-,-]","BAve","L30","ko","m","p","0"
"wA_raha_nA_ho_future","wA_rahanA_ho_future","wA[m,p,-]raha_nA[-,-,-]ho_future[-,-,-]","BAve","L30","ko","m","p","0"
"wA_raha_subj","wA_raha_subj","wA[g_v,n_v,-]raha_subj[-,n_v,p_v]","karwA","L1","n","-2","-1","-1"
"wA_raha_wA","wA_rahawA","wA[g_v,n_v,-]raha_wA[g_v,n_v,-]","karwA","L29","n","-1","-1","0"
"wA_raha_wA_WA_WA","wA_rahawA_WA","wA[g_v,n_v,-]raha_wA[g_v,n_v,-]WA_WA[g_v,n_v,-]","karwA","L29","n","-1","-1","0"
"wA_raha_wA_hE_hE","wA_rahawA_hE","wA[g_v,n_v,-]raha_wA[g_v,n_v,-]hE_hE[-,n_v,p_v]","karwA","L29","n","-2","-1","-1"
"wA_raha_wA_ho_0","wA_rahawA_ho","wA[g_v,n_v,-]raha_wA[g_v,n_v,-]ho_0[-,n_v,p_v]","karwA","L29","n","-2","-1","-1"
"wA_raha_wA_ho_future","wA_rahawA_ho_future","wA[g_v,n_v,-]raha_wA[g_v,n_v,-]ho_future[g_v,n_v,p_v]","karwA","L29","n","-1","-1","-1"
"wA_raha_yA","wA_rahA","wA[g_v,n_v,-]raha_yA[g_v,n_v,-]","karwA","L1","n","-1","-1","0"
"wA_raha_yA_WA_WA","wA_rahA_WA","wA[g_v,n_v,-]raha_yA[g_v,n_v,-]WA_WA[g_v,n_v,-]","karwA","L1","n","-1","-1","0"
"wA_raha_yA_hE_hE","wA_rahA_hE","wA[g_v,n_v,-]raha_yA[g_v,n_v,-]hE_hE[-,n_v,p_v]","karwA","L1","n","-2","-1","-1"
"wA_raha_yA_ho_0","wA_rahA_ho","wA[g_v,n_v,-]raha_yA[g_v,n_v,-]ho_0[-,n_v,p_v]","karwA","L1","n","-2","-1","-1"
"wA_raha_yA_ho_future","wA_rahA_ho_future","wA[g_v,n_v,-]raha_yA[g_v,n_v,-]ho_future[g_v,n_v,p_v]","karwA","L1","n","-1","-1","-1"
"wA_raha_yA_ho_wA","wA_rahA_howA","wA[g_v,n_v,-]raha_yA[g_v,n_v,-]ho_wA[g_v,n_v,-]","karwA","L1","n","-1","-1","0"
"yA","yA","yA[g_v,n_v,-]","karwA","L1","n","-1","-1","0"
"yA1","yA1","yA1[g_v,n_v,-]","karwA","L20","n","-1","-1","0"
"yA1_WA_WA","yA1_WA","yA1[g_v,n_v,-]WA_WA[g_v,n_v,-]","karwA","L20","n","-1","-1","0"
"yA1_hE_hE","yA1_hE","yA1[g_v,n_v,-]hE_hE[-,n_v,p_v]","karwA","L20","n","-2","-1","-1"
"yA1_ho_0","yA1_ho","yA1[g_v,n_v,-]ho_0[-,n_v,p_v]","karwA","L20","n","-2","-1","-1"
"yA1_ho_future","yA1_ho_future","yA1[g_v,n_v,-]ho_future[g_v,n_v,p_v]","karwA","L20","n","-1","-1","-1"
"yA1_ho_wA","yA1_howA","yA1[g_v,n_v,-]ho_wA[g_v,n_v,-]","karwA","L20","n","-1","-1","0"
"yA_A_0_raha_yA_WA_WA","yA_A_rahA_WA","yA[g_v,n_v,-]A_0[-,-,-]raha_yA[g_v,n_v,-]WA_WA[g_v,n_v,-]","karwA","L7","n","-1","-1","0"
"yA_A_0_raha_yA_hE_hE","yA_A_rahA_hE","yA[g_v,n_v,-]A_0[-,-,-]raha_yA[g_v,n_v,-]hE_hE[-,n_v,p_v]","karwA","L8","n","-2","-1","-1"
"yA_A_0_raha_yA_ho_0","yA_A_rahA_ho","yA[g_v,n_v,-]A_0[-,-,-]raha_yA[g_v,n_v,-]ho_0[-,n_v,p_v]","karwA","L8","n","-2","-1","-1"
"yA_A_0_raha_yA_ho_future","yA_A_rahA_ho_future","yA[g_v,n_v,-]A_0[-,-,-]raha_yA[g_v,n_v,-]ho_future[g_v,n_v,p_v]","karwA","L8","n","-1","-1","-1"
"yA_A_0_raha_yA_ho_wA","yA_A_rahA_howA","yA[g_v,n_v,-]A_0[-,-,-]raha_yA[g_v,n_v,-]ho_wA[g_v,n_v,-]","karwA","L8","n","-1","-1","0"
"yA_A_future","yA_A_future","yA[g_v,n_v,-]A_future[g_v,n_v,p_v]","karwA","L9","n","-1","-1","-1"
"yA_A_nA","yA_AnA","yA[g_v,n_v,m]A_nA[-,-,-]","karwA","L6","imp","-2","-2","m"
"yA_A_nA_WA_WA","yA_AnA_WA","yA[g_v,n_v,m]A_nA[-,-,-]WA_WA[-,-,-]","karwA","L6","ko","-3","-3","m"
"yA_A_subj","yA_A_subj","yA[g_v,n_v,-]A_subj[-,n_v,p_v]","karwA","L9","n","-2","-1","-1"
"yA_A_wA","yA_AwA","yA[g_v,n_v,-]A_wA[g_v,n_v,-]","karwA","L9","n","-1","-1","0"
"yA_A_wA_WA_WA","yA_AwA_WA","yA[g_v,n_v,-]A_wA[g_v,n_v,-]WA_WA[g_v,n_v,-]","karwA","L9","n","-1","-1","0"
"yA_A_wA_hE_hE","yA_AwA_hE","yA[g_v,n_v,-]A_wA[g_v,n_v,-]hE_hE[-,n_v,p_v]","karwA","L9","n","-2","-1","-1"
"yA_A_wA_ho_future","yA_AwA_ho_future","yA[g_v,n_v,-]A_wA[g_v,n_v,-]ho_future[g_v,n_v,p_v]","karwA","L9","n","-1","-1","-1"
"yA_A_yA","yA_AyA","yA[g_v,n_v,-]A_yA[g_v,n_v,-]","karwA","L9","n","-1","-1","0"
"yA_A_yA_WA_WA","yA_AyA_WA","yA[g_v,n_v,-]A_yA[g_v,n_v,-]WA_WA[g_v,n_v,-]","karwA","L9","n","-1","-1","0"
"yA_A_yA_hE_hE","yA_AyA_hE","yA[g_v,n_v,-]A_yA[g_v,n_v,-]hE_hE[-,n_v,p_v]","karwA","L9","n","-2","-1","-1"
"yA_A_yA_ho_0","yA_AyA_ho","yA[g_v,n_v,-]A_yA[g_v,n_v,-]ho_0[-,n_v,p_v]","karwA","L9","n","-2","-1","-1"
"yA_A_yA_ho_future","yA_AyA_ho_future","yA[g_v,n_v,-]A_yA[g_v,n_v,-]ho_future[g_v,n_v,p_v]","karwA","L9","n","-1","-1","-1"
"yA_A_yA_ho_wA","yA_AyA_howA","yA[g_v,n_v,-]A_yA[g_v,n_v,-]ho_wA[g_v,n_v,-]","karwA","L9","n","-1","-1","0"
"yA_WA_WA","yA_WA","yA[g_v,n_v,-]WA_WA[g_v,n_v,-]","karwA","L1","n","-1","-1","0"
"yA_hE_hE","yA_hE","yA[g_v,n_v,-]hE_hE[-,n_v,p_v]","karwA","L1","n","-2","-1","-1"
"yA_ho_0","yA_ho","yA[g_v,n_v,-]ho_0[-,n_v,p_v]","karwA","L1","n","-2","-1","-1"
"yA_ho_future","yA_ho_future","yA[g_v,n_v,-]ho_future[g_v,n_v,p_v]","karwA","L1","n","-1","-1","-1"
"yA_ho_wA","yA_howA","yA[g_v,n_v,-]ho_wA[g_v,n_v,-]","karwA","L1","n","-1","-1","0"
"yA_jA_0_raha_yA_WA_WA","yA_jA_rahA_WA","yA[g_v,n_v,-]jA_0[-,-,-]raha_yA[g_v,n_v,-]WA_WA[g_v,n_v,-]","karma","L22","p_1","-1","-1","0"
"yA_jA_0_raha_yA_hE_hE","yA_jA_rahA_hE","yA[g_v,n_v,-]jA_0[-,-,-]raha_yA[g_v,n_v,-]hE_hE[-,n_v,-]","karma","L22","p_1","-2","-1","0"
"yA_jA_0_raha_yA_ho_0","yA_jA_rahA_ho","yA[g_v,n_v,-]jA_0[-,-,-]raha_yA[g_v,n_v,-]ho_0[-,n_v,-]","karma","L22","p_1","-2","-1","0"
"yA_jA_0_raha_yA_ho_future","yA_jA_rahA_ho_future","yA[g_v,n_v,-]jA_0[-,-,-]raha_yA[g_v,n_v,-]ho_future[g_v,n_v,-]","karma","L22","p_1","-1","-1","0"
"yA_jA_0_raha_yA_ho_wA","yA_jA_rahA_howA","yA[g_v,n_v,-]jA_0[-,-,-]raha_yA[g_v,n_v,-]ho_wA[g_v,n_v,-]","karma","L22","p_1","-1","-1","0"
"yA_jA_0_saka_future","yA_jA_saka_future","yA[g_v,n_v,-]jA_0[-,-,-]saka_future[g_v,n_v,-]","karma","L22","p_1","-1","-1","0"
"yA_jA_0_saka_subj","yA_jA_saka_subj","yA[g_v,n_v,-]jA_0[-,-,-]saka_subj[-,n_v,-]","karma","L22","p_1","-3","-1","0"
"yA_jA_0_saka_wA","yA_jA_sakawA","yA[g_v,n_v,-]jA_0[-,-,-]saka_wA[g_v,n_v,-]","karma","L22","p_1","-1","-1","0"
"yA_jA_0_saka_wA_WA_WA","yA_jA_sakawA_WA","yA[g_v,n_v,-]jA_0[-,-,-]saka_wA[g_v,n_v,-]WA_WA[g_v,n_v,-]","karma","L22","p_1","-1","-1","0"
"yA_jA_0_saka_wA_hE_hE","yA_jA_sakawA_hE","yA[g_v,n_v,-]jA_0[-,-,-]saka_wA[g_v,n_v,-]hE_hE[-,n_v,-]","karma","L22","p_1","-2","-1","0"
"yA_jA_0_saka_yA","yA_jA_sakA","yA[g_v,n_v,-]jA_0[-,-,-]saka_yA[g_v,n_v,-]","karma","L22","p_1","-1","-1","0"
/* ADDed by Amba */
"yA_jA_0_cuka_yA_hE_hE","yA_jA_cukA_hE","yA[g_v,n_v,-]jA_0[-,-,-]cuka_yA[g_v,n_v,-]_hE_hE[-,n_v,-]","karma","L22?","p_1","-1","-1","0"
"yA_jA_0_cuka_yA_WA_WA","yA_jA_cukA_WA","yA[g_v,n_v,-]jA_0[-,-,-]cuka_yA[g_v,n_v,-]_WA_WA[-,n_v,-]","karma","L22?","p_1","-1","-1","0"
/* end */
"yA_jA_future","yA_jA_future","yA[g_v,n_v,-]jA_future[g_v,n_v,-]","karma","L22","p_1","-1","-1","0"
"yA_jA_nA","yA_jAnA","yA[g_v,n_v,m]jA_nA[-,-,-]","karwA","L6","imp","-2","-2","m"
"yA_jA_nA_WA_WA","yA_jAnA_WA","yA[m,p,-]jA_nA[-,-,-]WA_WA[-,-,-]","BAve","L6","ko","m","p","0"
"yA_jA_nA_cAhiye","yA_jAnA_cAhiye","yA[m,s,-]jA_nA[-,-,-]_cAhiye[-,-,-]","BAve","L6","ko","m","s","0"
"yA_jA_nA_hE_hE","yA_jAnA_hE","yA[m,s,-]jA_nA[-,-,-]hE_hE[-,-,-]","BAve","L6","ko","m","s","0"
"yA_jA_subj","yA_jA_subj","yA[g_v,n_v,-]jA_subj[-,n_v,-]","karma","L22","p_1","-2","-1","0"
"yA_jA_wA","yA_jAwA","yA[g_v,n_v,-]jA_wA[g_v,n_v,-]","karma","L22","p_1","-1","-1","0"
"yA_jA_wA_WA_WA","yA_jAwA_WA","yA[g_v,n_v,-]jA_wA[g_v,n_v,-]WA_WA[g_v,n_v,-]","karma","L22","p_1","-1","-1","0"
"yA_jA_wA_hE_hE","yA_jAwA_hE","yA[g_v,n_v,-]jA_wA[g_v,n_v,-]hE_hE[-,n_v,-]","karma","L22","p_1","-2","-1","0"
"yA_jA_wA_ho_0","yA_jAwA_ho","yA[g_v,n_v,-]jA_wA[g_v,n_v,-]ho_0[-,n_v,-]","karma","L22","p_1","-2","-1","0"
"yA_jA_wA_ho_future","yA_jAwA_ho_future","yA[g_v,n_v,-]jA_wA[g_v,n_v,-]ho_future[g_v,n_v,-]","karma","L22","p_1","-1","-1","0"
"yA_jA_yA1","yA_gayA","yA[g_v,n_v,-]jA_yA1 [g_v,n_v,-]","karma","L22","p_1","-1","-1","0"
"yA_jA_yA1_WA_WA","yA_gayA_WA","yA[g_v,n_v,-]jA_yA1[g_v,n_v,-]WA_WA[g_v,n_v,-]","karma","L22","p_1","-1","-1","0"
"yA_jA_yA1_hE_hE","yA_gayA_hE","yA[g_v,n_v,-]jA_yA1[g_v,n_v,-]hE_hE[-,n_v,-]","karma","L22","p_1","-2","-1","0"
"yA_jA_yA1_ho_0","yA_gayA_ho","yA[g_v,n_v,-]jA_yA1[g_v,n_v,-]ho_0[-,n_v,-]","karma","L22","p_1","-2","-1","0"
"yA_jA_yA1_ho_future","yA_gayA_ho_future","yA[g_v,n_v,-]jA_yA1[g_v,n_v,-]ho_future[g_v,n_v,-]","karma","L22","p_1","-1","-1","0"
"yA_jA_yA1_ho_wA","yA_gayA_howA","yA[g_v,n_v,-]jA_yA1[g_v,n_v,-]ho_wA[g_v,n_v,-]","karma","L22","p_1","-1","-1","0"
"yA_kara_future","yA_kara_future","yA[m,s,-]kara_future[g_v,n_v,p_v]","karwA","L21","n","-1","-1","-1"
"yA_kara_nA","yA_karanA","yA[m,s,-]kara_nA[-,s,m]","BAve","L21","imp","0","s","m"
"yA_kara_wA","yA_karawA","yA[m,s,-]kara_wA[g_v,n_v,-]","karwA","L21","n","-1","-1","0"
"yA_kara_wA_WA_WA","yA_karawA_WA","yA[m,s,-]kara_wA[g_v,n_v,-]WA_WA[g_v,n_v,-]","karwA","L21","n","-1","-1","0"
"yA_kara_wA_hE_hE","yA_karawA_hE","yA[m,s,-]kara_wA[g_v,n_v,-]hE_hE[-,n_v,p_v]","karwA","L21","n","-2","-1","-1"
"yA_kara_wA_ho_0","yA_karawA_ho","yA[m,s,-]kara_wA[g_v,n_v,-]ho_0[-,n_v,p_v]","karwA","L21","n","-2","-1","-1"
"yA_kara_wA_ho_future","yA_karawA_ho_future","yA[m,s,-]kara_wA[g_v,n_v,-]ho_future[g_v,n_v,p_v]","karwA","L21","n","-1","-1","-1"
"yA_raha_0_jA_future","yA_raha_jA_future","yA[g_v,n_v,-]raha_0[-,-,-]jA_future[g_v,n_v,p_v]","karwA","L15","n","-1","-1","-1"
"yA_raha_0_jA_nA","yA_raha_jAnA","yA[g_v,n_v,m]raha_0[-,-,-]jA_nA[-,-,-]","karwA","L15","n","-3","-3","m"
"yA_raha_0_jA_subj","yA_raha_jA_subj","yA[g_v,n_v,-]raha_0[-,-,-]jA_subj[-,n_v,p_v]","karwA","L15","n","-3","-1","-1"
"yA_raha_0_jA_wA","yA_raha_jAwA","yA[g_v,n_v,-]raha_0[-,-,-]jA_wA[g_v,n_v,-]","karwA","L15","n","-1","-1","0"
"yA_raha_0_jA_wA_WA_WA","yA_raha_jAwA_WA","yA[g_v,n_v,-]raha_0[-,-,-]jA_wA[g_v,n_v,-]WA_WA[g_v,n_v,-]","karwA","L15","n","-1","-1","0"
"yA_raha_0_jA_wA_hE_hE","yA_raha_jAwA_hE","yA[g_v,n_v,-]raha_0[-,-,-]jA_wA[g_v,n_v,-]hE_hE[-,n_v,p_v]","karwA","L15","n","-2","-1","-1"
"yA_raha_0_jA_wA_ho_0","yA_raha_jAwA_ho","yA[g_v,n_v,-]raha_0[-,-,-]jA_wA[g_v,n_v,-]ho_0[-,n_v,p_v]","karwA","L15","n","-2","-1","-1"
"yA_raha_0_jA_wA_ho_future","yA_raha_jAwA_ho_future","yA[g_v,n_v,-]raha_0[-,-,-]jA_wA[g_v,n_v,-]ho_future[g_v,n_v,p_v]","karwA","L15","n","-1","-1","-1"
"yA_raha_0_jA_yA1","yA_raha_gayA","yA[g_v,n_v,-]raha_0[-,-,-]jA_yA1[g_v,n_v,-]","karwA","L15","n","-1","-1","0"
"yA_raha_0_jA_yA1_WA_WA","yA_raha_gayA_WA","yA[g_v,n_v,-]raha_0[-,-,-]jA_yA1[g_v,n_v,-]WA_WA[g_v,n_v,-]","karwA","L15","n","-1","-1","0"
"yA_raha_0_jA_yA1_hE_hE","yA_raha_gayA_hE","yA[g_v,n_v,-]raha_0[-,-,-]jA_yA1[g_v,n_v,-]hE_hE[-,n_v,p_v]","karwA","L15","n","-2","-1","-1"
"yA_raha_0_jA_yA1_ho_0","yA_raha_gayA_ho","yA[g_v,n_v,-]raha_0[-,-,-]jA_yA1[g_v,n_v,-]ho_0[-,n_v,p_v]","karwA","L15","n","-2","-1","-1"
"yA_raha_0_jA_yA1_ho_future","yA_raha_gayA_ho_future","yA[g_v,n_v,-]raha_0[-,-,-]jA_yA1[g_v,n_v,-]ho_future[g_v,n_v,p_v]","karwA","L15","n","-1","-1","-1"
"yA_raha_0_jA_yA1_ho_wA","yA_raha_gayA_howA","yA[g_v,n_v,-]raha_0[-,-,-]jA_yA1[g_v,n_v,-]ho_wA[g_v,n_v,-]","karwA","L15","n","-1","-1","0"
"yA_raha_future","yA_raha_future","yA[g_v,n_v,-]raha_future[g_v,n_v,p_v]","karwA","L14","n","-1","-1","-1"
"yA_raha_nA","yA_rahanA","yA[g_v,n_v,m]raha_nA[-,-,-]","karwA","L14","imp","-2","-2","m"
"yA_raha_nA_WA_WA","yA_rahanA_WA","yA[m,s,-]raha_nA[-,-,-]WA_WA[-,-,-]","BAve","L14","ko","m","s","0"
"yA_raha_nA_cAhiye","yA_rahanA_cAhiye","yA[m,s,-]raha_nA[-,-,-]_cAhiye[-,-,-]","BAve","L14","ko","m","s","0"
"yA_raha_nA_hE_hE","yA_rahanA_hE","yA[m,s,-]raha_nA[-,-,-]hE_hE[-,-,-]","BAve","L14","ko","m","s","0"
"yA_raha_nA_ho_0","yA_rahanA_ho","yA[m,s,-]raha_nA[-,-,-]ho_0[-,-,-]","BAve","L14","ko","m","s","0"
"yA_raha_nA_ho_future","yA_rahanA_ho_future","yA[m,s,-]raha_nA[-,-,-]ho_future[-,-,-]","BAve","L14","ko","m","s","0"
"yA_raha_subj","yA_raha_subj","yA[g_v,n_v,-]raha_subj[-,n_v,p_v]","karwA","L14","n","-2","-1","-1"
"yA_raha_wA","yA_rahawA","yA[g_v,n_v,-]raha_wA[g_v,n_v,-]","karwA","L14","n","-1","-1","0"
"yA_raha_wA_WA_WA","yA_rahawA_WA","yA[g_v,n_v,-]raha_wA[g_v,n_v,-]WA_WA[g_v,n_v,-]","karwA","L14","n","-1","-1","0"
"yA_raha_wA_hE_hE","yA_rahawA_hE","yA[g_v,n_v,-]raha_wA[g_v,n_v,-]hE_hE[-,n_v,p_v]","karwA","L14","n","-2","-1","-1"
"yA_raha_wA_ho_0","yA_rahawA_ho","yA[g_v,n_v,-]raha_wA[g_v,n_v,-]ho_0[-,n_v,p_v]","karwA","L14","n","-2","-1","-1"
"yA_raha_wA_ho_future","yA_rahawA_ho_future","yA[g_v,n_v,-]raha_wA[g_v,n_v,-]ho_future[g_v,n_v,p_v]","karwA","L14","n","-1","-1","-1"
"yA_raha_yA","yA_rahA","yA[g_v,n_v,-]raha_yA[g_v,n_v,-]","karwA","L14","n","-1","-1","0"
"yA_raha_yA_WA_WA","yA_rahA_WA","yA[g_v,n_v,-]raha_yA[g_v,n_v,-]WA_WA[g_v,n_v,-]","karwA","L14","n","-1","-1","0"
"yA_raha_yA_hE_hE","yA_rahA_hE","yA[g_v,n_v,-]raha_yA[g_v,n_v,-]hE_hE[-,n_v,p_v]","karwA","L14","n","-2","-1","-1"
"yA_raha_yA_ho_0","yA_rahA_ho","yA[g_v,n_v,-]raha_yA[g_v,n_v,-]ho_0[-,n_v,p_v]","karwA","L14","n","-2","-1","-1"
"yA_raha_yA_ho_future","yA_rahA_ho_future","yA[g_v,n_v,-]raha_yA[g_v,n_v,-]ho_future[g_v,n_v,p_v]","karwA","L14","n","-1","-1","-1"
"yA_raha_yA_ho_wA","yA_rahA_howA","yA[g_v,n_v,-]raha_yA[g_v,n_v,-]ho_wA[g_v,n_v,-]","karwA","L14","n","-1","-1","0"
